Team,GP,W,L,WIN%,MIN,PTS,FGM,FGA,FG%,3PM,3PA,3P%,FTM,FTA,FT%,OREB,DREB,REB(Total),AST,TOV,STL,BLK,BLK(Against),PF,PF(Drawn),+/-,YR,CHAMP
Golden State Warriors,82,73,9,0.89,48.5,114.9,42.5,87.3,48.7,13.1,31.6,41.6,16.7,21.8,76.3,10,36.2,46.2,28.9,15.2,8.4,6.1,4.1,20.7,19.8,10.8,2016,0
Oklahoma City Thunder,82,68,14,0.83,48.1,120.5,44.6,92.7,48.2,14.5,38.8,37.4,16.7,20.4,81.9,10.6,34.2,44.8,26.9,11.7,10.3,5.7,4.8,19.9,18.1,12.9,2025,1
Golden State Warriors,82,67,15,0.82,48.2,115.9,43.1,87.1,49.5,12,31.2,38.3,17.8,22.6,78.8,9.4,35,44.4,30.4,14.8,9.6,6.8,3.8,19.3,19.4,11.6,2017,1
San Antonio Spurs,82,67,15,0.82,48.1,103.5,40.1,82.9,48.4,7,18.5,37.5,16.4,20.4,80.3,9.4,34.5,43.9,24.5,13.1,8.3,5.9,3.9,17.5,19.5,10.6,2016,0
Houston Rockets,82,65,17,0.79,48.2,112.4,38.7,84.2,46,15.3,42.3,36.2,19.6,25.1,78.1,9,34.5,43.5,21.5,13.8,8.5,4.8,4.4,19.5,20.4,8.5,2018,0
Boston Celtics,82,64,18,0.78,48.4,120.6,43.9,90.2,48.7,16.5,42.5,38.8,16.3,20.2,80.7,10.7,35.6,46.3,26.9,11.9,6.8,6.6,3.7,16.2,17.3,11.3,2024,1
Cleveland Cavaliers,82,64,18,0.78,48.2,121.9,44.5,90.8,49.1,15.9,41.5,38.3,17,21.9,77.6,11.2,34.2,45.4,28.1,13.2,8.2,4.3,4.4,18.1,18.9,9.5,2025,0
Phoenix Suns,82,64,18,0.78,48.1,114.8,43.7,90.1,48.5,11.6,31.9,36.4,15.9,19.9,79.7,9.8,35.5,45.3,27.4,12.9,8.6,4.4,4,19.9,18.9,7.5,2022,0
Boston Celtics,82,61,21,0.74,48.4,116.3,41.6,90,46.2,17.8,48.2,36.8,15.3,19.1,79.9,11.4,33.9,45.3,26.1,11.9,7.2,5.5,3.6,15.9,17.5,9.1,2025,0
San Antonio Spurs,82,61,21,0.74,48.3,105.3,39.3,83.7,46.9,9.2,23.5,39.1,17.6,22,79.7,10,33.9,43.9,23.8,13.4,8,5.9,4.1,18.3,19.8,7.2,2017,0
Milwaukee Bucks,82,60,22,0.73,48.2,118.1,43.4,91.1,47.6,13.5,38.2,35.3,17.9,23.2,77.3,9.3,40.4,49.7,26,13.9,7.5,5.9,4.8,19.6,20.2,8.9,2019,0
Toronto Raptors,82,59,23,0.72,48.4,111.7,41.3,87.4,47.2,11.8,33,35.8,17.3,21.8,79.4,9.8,34.2,44,24.3,13.4,7.6,6.1,4.9,21.7,19.9,7.8,2018,0
Golden State Warriors,82,58,24,0.71,48.1,113.5,42.8,85.1,50.3,11.3,28.9,39.1,16.6,20.3,81.5,8.4,35.1,43.5,29.3,15.4,8,7.5,3.7,19.6,18.5,6,2018,1
Milwaukee Bucks,82,58,24,0.71,48.4,116.9,42.7,90.4,47.3,14.8,40.3,36.8,16.6,22.4,74.3,11.1,37.5,48.6,25.8,14.6,6.4,4.9,3.9,18.1,19,3.6,2023,0
Toronto Raptors,82,58,24,0.71,48.5,114.4,42.2,89.1,47.4,12.4,33.8,36.6,17.7,22,80.4,9.6,35.6,45.2,25.4,14,8.3,5.3,4.5,21,20.5,6.1,2019,1
Boston Celtics,82,57,25,0.69,48.7,117.9,42.2,88.8,47.5,16,42.6,37.7,17.5,21.6,81.2,9.7,35.6,45.3,26.7,13.4,6.4,5.2,3.9,18.8,19.1,6.5,2023,0
Cleveland Cavaliers,82,57,25,0.69,48.4,104.3,38.7,84,46,10.7,29.6,36.2,16.3,21.7,74.8,10.6,33.9,44.5,22.7,13.6,6.7,3.9,4.4,20.3,20.6,6,2016,1
Denver Nuggets,82,57,25,0.69,48.1,114.9,44,88.8,49.6,11.7,31.2,37.4,15.1,19.9,76.2,10.7,33.7,44.4,29.5,12.6,7.1,5.6,4.8,18.2,17.9,5.3,2024,0
Golden State Warriors,82,57,25,0.69,48.3,117.7,44,89.8,49.1,13.3,34.4,38.5,16.3,20.4,80.1,9.7,36.5,46.2,29.4,14.3,7.6,6.4,3.6,21.4,19.5,6.5,2019,0
Oklahoma City Thunder,82,57,25,0.69,48.3,120.1,44.5,89.3,49.9,13.3,34.2,38.9,17.7,21.5,82.5,8.8,33.2,42,27.1,12.7,8.5,6.6,5.1,18.8,18.9,7.4,2024,0
Memphis Grizzlies,82,56,26,0.68,48.2,115.6,43.5,94.4,46.1,11.5,32.7,35.3,17,23.1,73.4,14.1,35,49.2,26,13.2,9.8,6.5,6,19.8,19.8,5.7,2022,0
Milwaukee Bucks,73,56,17,0.77,48.2,118.7,43.3,90.9,47.6,13.8,38.9,35.5,18.3,24.7,74.2,9.5,42.2,51.7,25.9,15.1,7.2,5.9,4.5,19.6,21.7,10.1,2020,0
Minnesota Timberwolves,82,56,26,0.68,48.3,113,41.3,85,48.5,12.6,32.7,38.7,17.8,22.9,77.7,9.4,34.2,43.6,26.6,14.2,7.9,6.1,4.5,18.8,19.9,6.5,2024,0
Toronto Raptors,82,56,26,0.68,48.2,102.7,36.7,81.3,45.1,8.6,23.4,37,20.8,26.7,77.7,10.2,33.2,43.4,18.7,13.1,7.8,5.5,5.4,19.6,22,4.5,2016,0
Boston Celtics,82,55,27,0.67,48.3,104,38.3,85.1,45,11.5,30.4,37.7,16,20.7,77.1,9.4,35.1,44.5,22.5,14,7.4,4.5,4.4,19.7,19.2,3.6,2018,0
Houston Rockets,82,55,27,0.67,48.2,115.3,40.3,87.2,46.2,14.4,40.3,35.7,20.3,26.5,76.6,10.9,33.5,44.4,25.2,15.1,8.2,4.3,5,19.9,20.4,5.8,2017,0
Oklahoma City Thunder,82,55,27,0.67,48.4,110.2,41.1,86.4,47.6,8.3,23.7,34.9,19.7,25.2,78.2,13.1,35.6,48.6,23,15.9,7.4,5.9,4.5,20.6,20.2,7.3,2016,0
Denver Nuggets,82,54,28,0.66,48.1,110.7,41.9,90,46.6,11,31.4,35.1,15.8,20.9,75.5,11.9,34.5,46.4,27.4,13.4,7.7,4.4,5,20,20.4,4,2019,0
Philadelphia 76ers,82,54,28,0.66,48.5,115.2,40.8,83.8,48.7,12.6,32.6,38.7,21,25.1,83.5,8.7,32.2,40.9,25.2,13.7,7.7,4.7,4.6,20.4,19.6,4.3,2023,0
Boston Celtics,82,53,29,0.65,48.2,108,38.6,85.1,45.4,12,33.4,35.9,18.7,23.2,80.7,9.1,32.9,42,25.2,13.3,7.5,4.1,5.2,20.6,20.3,2.6,2017,0
Denver Nuggets,82,53,29,0.65,48.2,115.8,43.6,86.4,50.4,11.8,31.2,37.9,16.8,22.4,75.1,10.1,32.9,43,28.9,14.5,7.5,4.5,4.2,18.6,19.5,3.3,2023,1
Golden State Warriors,82,53,29,0.65,48.1,111,40.5,86.4,46.9,14.3,39.4,36.4,15.6,20.3,76.9,9.8,35.7,45.5,27.1,14.9,8.8,4.5,3.9,21,18,5.5,2022,1
Houston Rockets,82,53,29,0.65,48.4,113.9,39.2,87.4,44.9,16.1,45.4,35.6,19.3,24.4,79.1,10.2,31.9,42.1,21.2,13.3,8.5,4.9,4.5,22,20,4.8,2019,0
LA Clippers,82,53,29,0.65,48.4,104.5,38.3,82.4,46.5,9.7,26.7,36.4,18.2,26.2,69.2,8.8,33.3,42,22.8,13,8.6,5.6,3.2,21.3,22.5,4.3,2016,0
Miami Heat,82,53,29,0.65,48.4,110,39.6,84.8,46.7,13.6,35.8,37.9,17.3,21.4,80.8,9.8,33.9,43.7,25.5,14.6,7.4,3.2,4,20.5,20.6,4.5,2022,0
Portland Trail Blazers,82,53,29,0.65,48.4,114.7,42.3,90.6,46.7,11,30.7,35.9,19,23.3,81.4,11.8,36.2,48,23,13.8,6.7,5,5.1,20.4,20.7,4.2,2019,0
Toronto Raptors,72,53,19,0.74,48.3,112.8,40.2,87.9,45.8,13.8,37,37.4,18.5,23.2,79.6,9.5,35.9,45.4,25.2,14.8,8.8,5,5.5,21.7,20.4,6.2,2020,0
Dallas Mavericks,82,52,30,0.63,48.2,108,39.3,85.1,46.1,13.1,37.4,35,16.4,21.2,77.1,9.3,33.8,43,23.4,12.5,6.7,4,3.7,19.7,20.1,3.3,2022,0
Houston Rockets,82,52,30,0.63,48.2,114.3,42.5,93.4,45.5,12.7,35.8,35.3,16.7,22.6,73.8,14.6,33.8,48.5,23.3,13.9,8.4,5,5.7,19,19.2,4.5,2025,0
Los Angeles Lakers,71,52,19,0.73,48.1,113.4,42.3,88.3,48,11,31.6,34.9,17.7,24.3,72.9,10.7,35.1,45.7,25.4,15.2,8.6,6.6,3.7,20.7,21.7,5.8,2020,1
Philadelphia 76ers,82,52,30,0.63,48.2,109.8,40.8,86.6,47.2,11,29.8,36.9,17.1,22.8,75.2,10.9,36.5,47.4,27.1,16.5,8.3,5.1,5.1,22.1,20.4,4.5,2018,0
Utah Jazz,72,52,20,0.72,48.2,116.4,41.3,88.1,46.8,16.7,43,38.9,17.2,21.5,79.9,10.6,37.6,48.3,23.7,14.2,6.6,5.2,3.9,18.5,19,9.3,2021,0
Boston Celtics,82,51,31,0.62,48.5,111.8,40.7,87.4,46.6,13.2,37.1,35.6,17,20.9,81.6,10.5,35.5,46.1,24.8,13.6,7.2,5.8,4.6,18.5,19.4,7.3,2022,0
Cleveland Cavaliers,82,51,31,0.62,48.5,110.3,39.9,84.9,47,13,33.9,38.4,17.5,23.3,74.8,9.3,34.4,43.7,22.7,13.7,6.6,4,4.3,18.1,20.6,3.2,2017,0
Cleveland Cavaliers,82,51,31,0.62,48.5,112.3,41.6,85.2,48.8,11.6,31.6,36.7,17.5,22.5,78,9.7,31.4,41.1,24.9,13.3,7.1,4.7,4.4,19,20.4,5.4,2023,0
LA Clippers,82,51,31,0.62,48.1,115.6,42.4,86.7,48.9,12.6,33.2,38.1,18.3,22.2,82.5,10,32.9,43,25.6,13.1,7.8,5,4.7,18.5,18.7,3.3,2024,0
LA Clippers,82,51,31,0.62,48.2,108.7,39.5,83.2,47.5,10.3,27.4,37.5,19.3,26,74.5,9,34,43,22.5,13,7.5,4.2,3.1,19.8,22.4,4.3,2017,0
Memphis Grizzlies,82,51,31,0.62,48.2,116.9,43.7,92.1,47.5,12,34.2,35.1,17.5,23.8,73.3,12,34.6,46.6,26,13.6,8.3,5.8,5.2,20,20,3.9,2023,0
Milwaukee Bucks,82,51,31,0.62,48.2,115.5,41.8,89.4,46.8,14.1,38.4,36.6,17.8,22.9,77.6,10.2,36.5,46.7,23.9,13.4,7.6,4,4.4,18.2,19.7,3.4,2022,0
New York Knicks,82,51,31,0.62,48.5,115.8,43.3,89.2,48.6,12.6,34.1,36.9,16.5,20.7,80,10.9,31.8,42.6,27.5,13.3,8.2,4,5,17.2,19,4.1,2025,0
Philadelphia 76ers,82,51,31,0.62,48.3,109.9,39.4,84.5,46.6,11.6,31.8,36.4,19.6,23.8,82.1,8.5,33.8,42.3,23.7,12.5,7.7,5.3,4.6,19.4,19.4,2.6,2022,0
Philadelphia 76ers,82,51,31,0.62,48.3,115.2,41.5,88.2,47.1,10.8,30.2,35.9,21.2,27.5,77.1,10.9,36.9,47.8,26.9,14.9,7.4,5.3,4.1,21.3,22.1,2.7,2019,0
Phoenix Suns,72,51,21,0.71,48.6,115.3,43.3,88.3,49,13.1,34.6,37.8,15.6,18.7,83.4,8.8,34.2,42.9,26.9,12.5,7.2,4.3,3.6,19.1,18,5.8,2021,0
Toronto Raptors,82,51,31,0.62,48.2,106.9,39.2,84.4,46.4,8.8,24.3,36.3,19.7,24.7,79.6,10.6,32.6,43.3,18.5,12.7,8.3,4.9,4.8,20.8,20.3,4.2,2017,0
Utah Jazz,82,51,31,0.62,48.2,100.7,37,79.5,46.6,9.6,26,37.2,17.1,22.9,74.7,9.4,33.8,43.2,20.1,13.6,6.7,5,3.8,18.8,20.2,3.9,2017,0
Cleveland Cavaliers,82,50,32,0.61,48.1,110.9,40.4,84.8,47.6,12,32.1,37.2,18.1,23.3,77.9,8.5,33.7,42.1,23.4,13.7,7.1,3.8,4.1,18.6,20.7,0.9,2018,0
Dallas Mavericks,82,50,32,0.61,48.1,117.9,43.1,89.7,48.1,14.6,39.5,36.9,17,22.5,75.8,9.7,33.2,42.9,25.7,12.5,6.9,5,4,18.3,20.3,2.2,2024,0
Denver Nuggets,82,50,32,0.61,48.4,120.8,45.4,89.8,50.6,12,31.9,37.6,17.9,23.3,77,11.2,34.5,45.7,31,14.3,8,4.9,5.1,17.6,19,3.9,2025,0
Indiana Pacers,82,50,32,0.61,48.4,117.4,43.6,89.3,48.8,13.2,35.8,36.8,17,21.6,78.9,9.2,32.7,41.8,29.2,13.2,8.5,5.5,4.5,18.7,18.8,2.2,2025,0
LA Clippers,82,50,32,0.61,48.3,112.9,41.6,86.3,48.2,12.5,33.4,37.3,17.3,21.7,79.7,10.3,33.5,43.8,25.2,14.9,9.4,4.5,4.3,18.3,17.8,4.7,2025,0
Los Angeles Lakers,82,50,32,0.61,48.1,113.4,40.9,85.5,47.9,13.3,36.4,36.6,18.2,23.2,78.5,9.7,32.8,42.4,26,14,7.7,4.5,4.2,17.3,19.2,1.2,2025,0
New York Knicks,82,50,32,0.61,48.1,112.8,41.3,88.7,46.5,13.2,35.8,36.9,17,21.8,78,12.7,32.5,45.2,24.4,13.2,7.5,4.1,5.3,17.6,19.1,4.6,2024,0
Utah Jazz,82,50,32,0.61,48.2,111.7,40.4,86.4,46.8,12.1,34,35.6,18.8,25.5,73.6,10,36.4,46.4,26,15.1,8.1,5.9,4.6,21.1,22.4,5.3,2019,0
Boston Celtics,82,49,33,0.6,48.2,112.4,42.1,90.5,46.5,12.6,34.5,36.5,15.6,19.5,80.2,9.8,34.7,44.5,26.3,12.8,8.6,5.3,3.9,20.4,19.5,4.4,2019,0
LA Clippers,72,49,23,0.68,48.3,116.3,41.6,89.2,46.6,12.4,33.5,37.1,20.8,26.3,79.1,10.7,37,47.7,23.7,14.6,7.1,4.7,4.7,22.1,22.9,6.4,2020,0
Milwaukee Bucks,82,49,33,0.6,48.3,119,43.1,88.5,48.7,14.2,38.1,37.3,18.5,23.9,77.4,9.4,34.8,44.2,26.5,12.9,6.8,5,4.2,19.2,19.2,2.6,2024,0
Minnesota Timberwolves,82,49,33,0.6,48.4,114.3,41,87.6,46.8,15,39.9,37.7,17.2,21.8,78.9,11.1,33.2,44.3,26.1,14.5,8,5,4.5,18.3,19.2,5,2025,0
New Orleans Pelicans,82,49,33,0.6,48.1,115.1,42.5,87.4,48.6,12.5,32.6,38.3,17.6,22.8,77.1,10.4,33.6,44,27,13,8.3,4.6,5.2,18.4,18.4,4.4,2024,0
Oklahoma City Thunder,82,49,33,0.6,48.4,114.5,42.6,94,45.4,11.4,32.6,34.8,17.8,25,71.3,12.6,35.5,48.1,23.4,14,9.3,5.2,5.1,22.4,22.5,3.4,2019,0
Philadelphia 76ers,72,49,23,0.68,48.4,113.6,41.4,86.9,47.6,11.3,30.1,37.4,19.6,25.5,76.7,10,35,45.1,23.7,14.4,9.1,6.2,4.7,20.2,21,5.6,2021,0
Phoenix Suns,82,49,33,0.6,48.2,116.2,42.5,86.1,49.3,12.4,32.6,38.2,18.9,23.4,80.8,10.1,33.9,44.1,27,14.9,7.4,6,4.5,18,19.7,3.1,2024,0
Portland Trail Blazers,82,49,33,0.6,48.2,105.6,39.3,87,45.2,10.3,28.1,36.6,16.7,20.9,80,10.2,35.3,45.5,19.5,13.5,7,5.2,5.1,19.5,19.1,2.6,2018,0
Utah Jazz,82,49,33,0.6,48.1,113.6,40.6,86.2,47.1,14.5,40.3,36,17.9,23.4,76.7,10.8,35.6,46.3,22.4,14,7.2,4.9,4.3,18.9,20.3,6,2022,0
Washington Wizards,82,49,33,0.6,48.4,109.2,41.3,87,47.5,9.2,24.8,37.2,17.3,22.1,78.4,10.3,32.6,42.9,23.9,14.2,8.5,4.1,4.6,21.3,19.8,1.8,2017,0
Atlanta Hawks,82,48,34,0.58,48.4,102.8,38.6,84.4,45.8,9.9,28.4,35,15.6,20,78.3,8.3,33.8,42.1,25.6,15,9.1,5.9,5,19.1,18.3,3.6,2016,0
Boston Celtics,72,48,24,0.67,48.4,113.7,41.3,89.6,46.1,12.6,34.5,36.4,18.6,23.2,80.1,10.7,35.4,46.1,23,13.8,8.3,5.6,5.5,21.6,20.7,6.3,2020,0
Boston Celtics,82,48,34,0.58,48.2,105.7,39.2,89.2,43.9,8.7,26.1,33.5,18.5,23.5,78.8,11.6,33.3,44.9,24.2,13.7,9.2,4.2,5.5,21.9,21,3.2,2016,0
Brooklyn Nets,72,48,24,0.67,48.3,118.6,43.1,87.3,49.4,14.2,36.1,39.2,18.1,22.5,80.4,8.9,35.5,44.4,26.8,13.5,6.7,5.3,4.6,19,18.9,4.5,2021,0
Charlotte Hornets,82,48,34,0.58,48.4,103.4,37,84.4,43.9,10.6,29.4,36.2,18.7,23.7,79,9,35,43.9,21.7,12.5,7.3,5.3,5.5,18.1,20.4,2.7,2016,0
Cleveland Cavaliers,82,48,34,0.58,48.3,112.6,41.8,87.2,47.9,13.5,36.8,36.7,15.6,20.4,76.5,9.8,33.4,43.3,28,13.6,7.4,4.6,5,17.5,18.7,2.4,2024,0
Denver Nuggets,82,48,34,0.58,48.3,112.7,41.7,86.3,48.3,12.7,35.9,35.3,16.7,21,79.5,9.2,34.9,44.1,27.8,14.5,7.2,3.7,4.8,20,19.9,2.3,2022,0
Golden State Warriors,82,48,34,0.58,48.1,113.8,40.8,90.4,45.1,15.4,42.4,36.4,16.9,22.1,76.4,12.5,32.8,45.4,29.1,14,9.4,4.8,5.4,19.2,18.6,3.3,2025,0
Indiana Pacers,82,48,34,0.58,48.1,108,41.3,87,47.5,9.5,25.4,37.4,15.8,21.1,75.2,9.3,33.7,43,26,13.7,8.7,4.9,5.2,19.4,20,3.3,2019,0
Indiana Pacers,82,48,34,0.58,48.2,105.6,40.8,86.4,47.2,9,24.5,36.9,14.9,19.2,77.9,9.6,32.7,42.3,22.2,13.3,8.8,4.1,5.2,18.8,18.5,1.4,2018,0
LA Clippers,82,48,34,0.58,48.4,115.1,41.3,87.5,47.1,10,25.8,38.8,22.6,28.5,79.2,9.7,35.8,45.5,24,14.5,6.8,4.7,6.1,23.3,24,0.9,2019,0
Memphis Grizzlies,82,48,34,0.58,48.1,121.7,44.8,93.3,47.9,13.9,37.9,36.7,18.3,23.3,78.6,12.9,34.4,47.3,28.4,15.7,8.9,5.6,5.5,20.9,20.2,4.9,2025,0
Miami Heat,82,48,34,0.58,48.4,100,38.4,81.7,47,6.1,18,33.6,17.1,23,74.4,9.8,34.3,44.1,20.8,14.1,6.7,6.5,4.1,18.3,19.6,1.6,2016,0
Milwaukee Bucks,82,48,34,0.58,48.2,115.5,42,86.4,48.6,14.2,36.6,38.7,17.3,23.1,75,8.2,35.1,43.4,25.5,13.4,7.3,4.7,3.8,17.9,18.9,2.5,2025,0
New Orleans Pelicans,82,48,34,0.58,48.7,111.7,42.7,88.3,48.3,10.2,28.2,36.2,16.1,20.9,77.2,8.7,35.6,44.3,26.8,14.9,8,5.9,4.2,19.1,20.4,1.3,2018,0
Oklahoma City Thunder,82,48,34,0.58,48.4,107.9,39.9,88.1,45.3,10.7,30.4,35.4,17.3,24.2,71.6,12.5,32.6,45.1,21.3,14,9.1,5,4.6,20.2,21.3,3.4,2018,0
Sacramento Kings,82,48,34,0.58,48.4,120.7,43.6,88.2,49.4,13.8,37.3,36.9,19.8,25.1,79,9.5,32.9,42.5,27.3,13.5,7,3.4,4.2,19.7,20.9,2.6,2023,0
San Antonio Spurs,82,48,34,0.58,48.3,111.7,42.3,88.4,47.8,9.9,25.3,39.2,17.2,21,81.9,9.2,35.5,44.7,24.5,12.1,6.1,4.7,4,18.1,19.6,1.7,2019,0
Toronto Raptors,82,48,34,0.58,48.4,109.4,40.6,91.3,44.5,11.9,34.2,34.9,16.2,21.3,75.9,13.4,32,45.3,22.1,12.5,9,4.6,5.1,19.6,19.1,2.3,2022,0
Utah Jazz,82,48,34,0.58,48.2,104.1,38.3,82.9,46.2,10.8,29.6,36.6,16.8,21.5,77.9,9,34.2,43.3,22.4,14.7,8.6,5.1,4.6,19.6,20.5,4.3,2018,0
Denver Nuggets,72,47,25,0.65,48.6,115.1,43.3,89.2,48.5,12.9,34.2,37.7,15.7,19.5,80.3,10.5,33.9,44.4,26.8,13.5,8.1,4.5,4.5,19.1,19.2,4.9,2021,0
Indiana Pacers,82,47,35,0.57,48.1,123.3,47,92.7,50.7,13.2,35.3,37.4,16.1,20.5,78.2,10.1,31.4,41.5,30.8,12.9,7.7,5.9,5.4,21.4,18.3,3,2024,0
LA Clippers,72,47,25,0.65,48,114,41.8,86.7,48.2,14.3,34.7,41.1,16.2,19.3,83.9,9.4,34.7,44.2,24.4,13.2,7.1,4.1,4.2,19.2,18.1,6.2,2021,0
Los Angeles Lakers,82,47,35,0.57,48.4,118,43.7,87.5,49.9,11.8,31.4,37.7,18.9,24.2,78.2,8.2,34.9,43.1,28.5,14,7.4,5.5,4.8,15.6,19.7,0.6,2024,0
Minnesota Timberwolves,82,47,35,0.57,48.3,109.5,41,86.1,47.6,8,22.5,35.7,19.4,24.1,80.4,10.3,31.6,42,22.7,12.5,8.4,4.2,4.7,18.2,20.9,2.2,2018,0
New York Knicks,82,47,35,0.57,48.7,116,42,89.4,47,12.6,35.7,35.4,19.4,25.5,76.1,12.6,34,46.6,22.9,13,6.4,4.1,4.5,20.3,20.7,2.9,2023,0
Oklahoma City Thunder,82,47,35,0.57,48.3,106.6,39.5,87.4,45.2,8.4,25.8,32.7,19.2,25.8,74.5,12.2,34.4,46.6,21,15,7.9,5,5.5,20.9,20.7,0.8,2017,0
Orlando Magic,82,47,35,0.57,48.2,110.5,40.5,84.9,47.6,11,31.3,35.2,18.5,24.4,75.9,10.5,31.8,42.3,24.7,14.7,8.2,5.2,4.6,19.7,20.9,2,2024,0
Philadelphia 76ers,82,47,35,0.57,48.2,114.6,41.5,89.4,46.4,12.1,33.3,36.3,19.5,23.6,82.6,11,31.9,43,24.9,12,8.5,6,6.1,20.3,18.5,3,2024,0
San Antonio Spurs,82,47,35,0.57,48.1,102.7,39,85.4,45.7,8.5,24.1,35.2,16.1,20.9,77.2,10.4,33.9,44.2,22.8,13.1,7.7,5.6,3.9,17.2,19.7,2.9,2018,0
Chicago Bulls,82,46,36,0.56,48.1,111.6,41.7,86.9,48,10.6,28.8,36.9,17.5,21.5,81.3,8.7,33.7,42.3,23.9,12.8,7.1,4.1,5,18.8,18.2,-0.4,2022,0
Denver Nuggets,73,46,27,0.63,48.6,111.3,42,88.9,47.3,11,30.6,35.9,16.2,20.9,77.7,10.8,33.4,44.1,26.7,13.8,8,4.6,4.4,20.3,20.5,2.1,2020,0
Denver Nuggets,82,46,36,0.56,48.5,110,40.7,86.6,47,11.5,30.9,37.1,17.1,22.3,76.7,11,33.5,44.5,25.1,15,7.6,4.9,4.8,18.7,20.7,1.5,2018,0
Golden State Warriors,82,46,36,0.56,48.4,117.8,43.7,91.6,47.7,14.8,38.9,38,15.6,20,78,12.1,34.6,46.7,29.3,14.3,7,4.6,5,19.5,17.9,2.6,2024,0
Miami Heat,82,46,36,0.56,48.2,110.1,39.8,85.6,46.5,12.5,33.7,37,18,22,81.8,9.3,33,42.3,25.8,12.7,7.5,3.4,4.7,17.3,18.9,1.8,2024,0
Milwaukee Bucks,72,46,26,0.64,48.1,120.1,44.7,91.8,48.7,14.4,37.1,38.9,16.2,21.4,76,10.3,37.8,48.1,25.5,13.8,8.1,4.6,4.8,17.3,18.3,5.9,2021,1
Minnesota Timberwolves,82,46,36,0.56,48.2,115.9,41.6,91,45.7,14.8,41.3,35.8,18,23.1,77.8,11.2,32.9,44.2,25.7,14.3,8.8,5.6,4.8,21.8,20.9,2.6,2022,0
Sacramento Kings,82,46,36,0.56,48.4,116.6,43.3,90.9,47.7,14.4,39.3,36.6,15.5,20.9,74.5,10.8,33.2,44,28.3,13.1,7.6,4.2,4.5,19.9,18.3,1.7,2024,0
Brooklyn Nets,82,45,37,0.55,48.1,113.4,41.5,85.1,48.7,12.8,33.8,37.8,17.7,22.1,80,8.2,32.3,40.5,25.5,13.7,7.1,6.2,3.9,21.1,18.5,0.9,2023,0
Indiana Pacers,73,45,28,0.62,48.3,109.4,42.1,88.5,47.6,10.2,28,36.3,15,19.1,78.7,8.7,34.1,42.8,25.9,13.2,7.4,5.2,4.6,19.8,18.8,2,2020,0
Indiana Pacers,82,45,37,0.55,48.5,102.2,38.3,85.2,45,8.1,23,35.1,17.4,22.8,76.4,10.3,33.9,44.2,21.2,14.9,9,4.8,4.5,20,20.4,1.7,2016,0
Phoenix Suns,82,45,37,0.55,48.2,113.6,42.1,90.1,46.7,12.2,32.6,37.4,17.2,21.7,79.3,11.8,32.4,44.2,27.3,13.5,7.1,5.3,4,21.2,19.9,2.1,2023,0
Brooklyn Nets,82,44,38,0.54,48.2,112.9,42,88.4,47.5,11.5,31.7,36.1,17.5,21.7,80.5,10.3,34.1,44.4,25.3,14.1,7.1,5.5,4.9,20.4,19.7,0.8,2022,0
Cleveland Cavaliers,82,44,38,0.54,48.1,107.8,39.7,84.6,46.9,11.6,32.8,35.5,16.8,22.1,76,10.2,34,44.2,25.2,14.4,7.1,4.2,4.6,17.5,20,2.1,2022,0
Detroit Pistons,82,44,38,0.54,48.3,115.5,42.7,89.8,47.6,12.8,35.4,36.2,17.2,22.3,77.4,11.4,33.4,44.8,26.4,14.9,8,5.3,5,20.7,18.9,1.9,2025,0
Detroit Pistons,82,44,38,0.54,48.5,102,37.9,86.4,43.9,9,26.2,34.5,17.1,25.5,66.8,12.5,33.9,46.3,19.4,13.5,7,3.7,4.5,19,21.6,0.6,2016,0
Golden State Warriors,82,44,38,0.54,48.4,118.9,43.1,90.2,47.9,16.6,43.2,38.5,16,20.2,79.4,10.5,34.1,44.6,29.8,16.3,7.2,4,4,21.4,18.4,1.8,2023,0
Houston Rockets,72,44,28,0.61,48.3,117.8,40.8,90.4,45.1,15.6,45.3,34.5,20.6,26.1,79.1,9.8,34.5,44.3,21.6,14.7,8.7,5.2,4.9,21.8,21,3,2020,0
LA Clippers,82,44,38,0.54,48.4,113.6,41.1,86.1,47.7,12.7,33.3,38.1,18.7,23.9,78.1,9.8,33.4,43.2,23.9,14.2,7.1,4.4,4.2,19.5,19.6,0.5,2023,0
Miami Heat,73,44,29,0.6,48.6,112,39.5,84.4,46.8,13.4,35.4,37.9,19.7,25.2,78.3,8.5,35.9,44.4,25.9,14.9,7.5,4.5,4.1,20.6,21.7,2.9,2020,0
Miami Heat,82,44,38,0.54,48.3,109.5,39.2,85.3,46,12,34.8,34.4,19.1,23,83.1,9.7,30.9,40.6,23.8,13.5,8,3,3.8,18.5,20,-0.3,2023,0
Miami Heat,82,44,38,0.54,48.6,103.4,38.8,85.3,45.5,11,30.6,36,14.7,19.5,75.5,9.3,34.2,43.5,22.7,14.4,7.6,5.3,4.6,20.1,19.4,0.5,2018,0
Milwaukee Bucks,82,44,38,0.54,48.4,106.5,39.7,83,47.8,8.8,24.7,35.5,18.3,23.4,78.3,8.4,31.5,39.8,23.2,13.8,8.8,5.4,4.5,21.4,19.9,-0.3,2018,0
Oklahoma City Thunder,72,44,28,0.61,48.4,110.4,40,85.5,46.8,10.7,30.2,35.5,19.8,24.8,79.6,8.2,34.7,42.9,21.7,13.7,7.6,4.9,4,19.3,22.8,2,2020,0
Portland Trail Blazers,82,44,38,0.54,48.3,105.1,38.6,85.9,45,10.5,28.5,37,17.4,23,75.4,11.6,33.9,45.5,21.3,14.6,6.9,4.6,5.2,21.7,19.5,0.8,2016,0
Utah Jazz,72,44,28,0.61,48.2,111.3,40.1,85.1,47.1,13.4,35.2,38,17.8,22.8,77.9,9.1,35.8,44.9,22.4,15.1,6.1,4.1,4.6,20.4,20.8,2.5,2020,0
Atlanta Hawks,82,43,39,0.52,48.1,113.9,41.5,88.3,47,12.9,34.4,37.4,18.1,22.3,81.2,10,33.9,44,24.6,11.9,7.2,4.2,4.5,18.7,20.3,1.6,2022,0
Atlanta Hawks,82,43,39,0.52,48.5,103.2,38.1,84.4,45.1,8.9,26.1,34.1,18.1,24.9,72.8,10.3,34.1,44.3,23.6,15.8,8.2,4.8,5.2,18.2,21.6,-0.9,2017,0
Charlotte Hornets,82,43,39,0.52,48.5,115.3,42.8,91.4,46.8,13.9,38.2,36.5,15.8,21.4,74,10.8,33.7,44.6,28.1,13.3,8.6,4.9,4.6,19.9,19.6,0.4,2022,0
Dallas Mavericks,75,43,32,0.57,48.5,117,41.7,90.3,46.1,15.1,41.3,36.7,18.6,23.8,77.9,10.5,36.4,46.9,24.7,12.7,6.1,4.8,4.1,19.5,21.3,4.9,2020,0
Los Angeles Lakers,82,43,39,0.52,48.5,117.2,42.9,89,48.2,10.8,31.2,34.6,20.6,26.6,77.5,10,35.7,45.7,25.3,14.1,6.4,4.6,5.1,17.9,21.5,0.6,2023,0
Memphis Grizzlies,82,43,39,0.52,48.5,100.5,36.4,83.6,43.5,9.4,26.5,35.4,18.3,23.4,78.4,10.8,32,42.8,21.3,12.9,8,4.2,5,22.4,20.8,0.5,2017,0
Philadelphia 76ers,73,43,30,0.59,48.2,110.7,41.1,87.9,46.8,11.6,31.6,36.8,16.9,22.4,75.5,10.5,35,45.4,25.8,14.2,8,5.3,4,20.9,20.5,2.4,2020,0
Washington Wizards,82,43,39,0.52,48.4,106.6,39.9,85.6,46.7,9.9,26.5,37.5,16.8,21.8,77.2,10,33.1,43.1,25.2,14.6,7.9,4.3,4.7,21.3,20,0.6,2018,0
Brooklyn Nets,82,42,40,0.51,48.7,112.2,40.3,89.7,44.9,12.8,36.2,35.3,19,25.5,74.5,11,35.6,46.6,23.8,15.1,6.6,4.1,5.3,21.5,22,-0.1,2019,0
Chicago Bulls,82,42,40,0.51,48.5,101.6,38.6,87.4,44.1,7.9,21.4,37.1,16.5,21,78.7,11.1,35.2,46.3,22.8,13.9,6,5.7,5.7,18.8,18.7,-1.5,2016,0
Dallas Mavericks,72,42,30,0.58,48.1,112.4,41.1,87.3,47,13.8,38.1,36.2,16.5,21.2,77.8,9.1,34.2,43.3,22.9,12.1,6.3,4.3,3.7,19.4,20.1,2.3,2021,0
Dallas Mavericks,82,42,40,0.51,48.8,102.3,37.4,84.1,44.4,9.8,28.6,34.4,17.7,22.3,79.4,9.2,33.9,43.1,22.1,12.8,6.8,3.7,4.4,19.5,21.4,-0.3,2016,0
Indiana Pacers,82,42,40,0.51,48.4,105.1,39.3,84.5,46.5,8.6,23,37.6,17.9,22.1,81,9,33,42,22.5,13.8,8.2,5,5,19.5,19.5,-0.2,2017,0
LA Clippers,82,42,40,0.51,48.1,109,40.3,85.4,47.1,9.5,26.8,35.4,19,25.5,74.3,10.1,33.7,43.9,22.3,14.7,7.7,4.5,5.6,20,22,0,2018,0
LA Clippers,82,42,40,0.51,48.2,108.4,40.1,87.4,45.8,12.8,34.2,37.4,15.5,19.6,79.3,9.1,34.9,44,24,13.7,7.4,5,4.1,18.6,18.5,0,2022,0
Los Angeles Lakers,72,42,30,0.58,48.5,109.5,40.6,86.1,47.2,11.1,31.2,35.4,17.2,23.3,73.9,9.7,34.6,44.2,24.7,15.2,7.8,5.4,4.5,19.1,21.3,2.8,2021,0
Memphis Grizzlies,82,42,40,0.51,48.4,99.1,36.8,83.6,44,6.1,18.5,33.1,19.3,24.7,78.3,11.2,30.5,41.6,20.7,13.3,8.8,4.3,5.7,21.7,21.1,-2.2,2016,0
Milwaukee Bucks,82,42,40,0.51,48.2,103.6,38.8,81.9,47.4,8.8,23.7,37,17.2,22.4,76.8,8.8,31.6,40.4,24.2,14,8.1,5.3,4.6,20.2,19.3,-0.2,2017,0
Minnesota Timberwolves,82,42,40,0.51,48.4,115.8,42.9,87.4,49,12.2,33.3,36.5,17.9,23.7,75.5,9.1,32.8,41.9,26.2,15.3,8,5.4,4.1,21.6,20.2,0,2023,0
New Orleans Pelicans,82,42,40,0.51,48.4,114.4,42,87.6,48,11,30.1,36.4,19.3,24.4,79.3,10.6,33.1,43.7,25.9,14.6,8.3,4.1,4.7,20.5,20.4,1.9,2023,0
Orlando Magic,82,42,40,0.51,48.2,107.3,40.4,89.1,45.4,11.4,32.1,35.6,15,19.2,78.2,10,35.4,45.4,25.5,13.2,6.6,5.4,4.4,18.6,18.7,0.7,2019,0
Portland Trail Blazers,72,42,30,0.58,48.1,116.1,41.3,91.1,45.3,15.7,40.8,38.5,17.8,21.6,82.3,10.6,33.9,44.5,21.3,11.1,6.9,5,4.6,18.9,19.1,1.8,2021,0
Atlanta Hawks,72,41,31,0.57,48.3,113.7,40.8,87.2,46.8,12.4,33.4,37.3,19.7,24.2,81.2,10.6,35.1,45.6,24.1,13.2,7,4.8,5,19.3,19.8,2.3,2021,0
Atlanta Hawks,82,41,41,0.5,48.4,118.4,44.6,92.4,48.3,10.8,30.5,35.2,18.5,22.6,81.8,11.2,33.2,44.4,25,12.9,7.1,4.9,5,18.8,19.7,0.3,2023,0
Chicago Bulls,82,41,41,0.5,48.2,102.9,38.6,87.1,44.4,7.6,22.3,34,18,22.5,79.8,12.2,34.1,46.3,22.6,13.6,7.8,4.8,4.6,17.7,18.8,0.4,2017,0
Detroit Pistons,82,41,41,0.5,48.4,107,38.8,88.3,44,12.1,34.8,34.8,17.3,23.1,74.7,11.4,33.6,45,22.5,13.8,6.9,4,5.1,22.1,21.3,-0.2,2019,0
Houston Rockets,82,41,41,0.5,48.4,106.5,37.7,83.5,45.2,10.7,30.9,34.7,20.4,29.4,69.4,11.3,31.7,43.1,22.2,15.9,10,5.2,4.9,21.8,22.5,0.2,2016,0
Houston Rockets,82,41,41,0.5,48.4,114.3,41.8,91,45.9,12.7,36.1,35.2,18.1,23.4,77.3,11.5,34,45.5,24.8,12.7,7.8,4.6,5.9,20.8,19.6,1.1,2024,0
Miami Heat,82,41,41,0.5,48.2,103.2,39,85.8,45.5,9.9,27,36.5,15.2,21.6,70.6,10.6,33,43.6,21.2,13.4,7.2,5.7,4.9,20.5,18.7,1.1,2017,0
New York Knicks,72,41,31,0.57,48.4,107,39.4,86.5,45.6,11.8,30,39.2,16.4,20.9,78.4,9.7,35.5,45.1,21.4,12.9,7,5.1,5.4,20.5,17.9,2.3,2021,0
Orlando Magic,82,41,41,0.5,48.1,105.4,38.2,85.8,44.5,11.2,35.3,31.8,17.9,23,77.5,11.1,30.7,41.8,23,14.2,8.9,6,4.4,20.1,20.3,-0.1,2025,0
Portland Trail Blazers,82,41,41,0.5,48.6,107.9,39.5,86.1,45.9,10.4,27.7,37.5,18.5,23.7,78,10.1,33.5,43.7,21.1,13.7,7,5,5.3,21.2,19.8,-0.5,2017,0
Toronto Raptors,82,41,41,0.5,48.3,112.9,41.9,91.3,45.9,10.7,32,33.5,18.4,23.4,78.4,12.7,30.3,43,23.9,11.7,9.4,5.2,4.6,20,19.6,1.5,2023,0
Washington Wizards,82,41,41,0.5,48.2,104.1,39.5,85.8,46,8.6,24.2,35.8,16.5,22.5,73,9.1,32.8,41.8,24.5,14.5,8.6,3.9,4.3,20.8,20.1,-0.5,2016,0
Atlanta Hawks,82,40,42,0.49,48.2,118.2,43.4,91.8,47.2,13.5,37.7,35.8,18,23.2,77.5,11.9,32.6,44.5,29.6,15.5,9.7,5.1,4.9,19.1,19.1,-1.1,2025,0
Chicago Bulls,82,40,42,0.49,48.5,113.1,42.5,86.8,49,10.4,28.9,36.1,17.6,21.8,80.9,8.5,33.9,42.4,24.5,13.4,7.9,4.5,4.7,18.9,18.7,1.3,2023,0
Denver Nuggets,82,40,42,0.49,48.2,111.7,41.2,87.7,46.9,10.6,28.8,36.8,18.7,24.2,77.4,11.8,34.6,46.4,25.3,15,6.9,3.9,4.9,19.1,20.2,0.5,2017,0
Miami Heat,72,40,32,0.56,48.3,108.1,39.2,83.7,46.8,12.9,36.2,35.8,16.7,21.1,79,8,33.5,41.5,26.3,14.1,7.9,4,4,18.9,19.6,0,2021,0
Oklahoma City Thunder,82,40,42,0.49,48.4,117.5,43.1,92.6,46.5,12.1,34.1,35.6,19.2,23.7,80.9,11.4,32.3,43.7,24.4,13,8.2,4.2,5.5,21,20.4,1.1,2023,0
Sacramento Kings,82,40,42,0.49,48.5,115.7,43,90.1,47.8,12.6,35.2,35.7,17.1,21.2,80.6,11,33.2,44.2,26.5,13.3,7.6,4.4,4.3,18.9,18.5,0.5,2025,0
Utah Jazz,82,40,42,0.49,48.7,97.7,36.1,80.4,44.9,8.5,23.9,35.5,17.1,23,74.4,10.7,32.5,43.2,19,14.9,7.7,5.2,4.7,20.2,19.9,1.8,2016,0
Charlotte Hornets,82,39,43,0.48,48.4,110.7,40.2,89.8,44.8,11.9,33.9,35.1,18.4,23.1,79.7,9.9,33.9,43.8,23.2,12.2,7.2,4.9,6,18.9,20.6,-1.1,2019,0
Chicago Bulls,82,39,43,0.48,48.2,117.8,43.2,92,47,15.4,42,36.7,16,19.7,80.9,10.1,35.8,45.9,29.1,14.7,7.6,4.7,5.1,17.6,16.8,-1.6,2025,0
Chicago Bulls,82,39,43,0.48,48.7,112.3,42,89.5,47,11.5,32.1,35.8,16.7,21.1,79.1,11.2,32.6,43.8,25,12.2,7.8,4.8,4.9,18.8,18.8,-1.4,2024,0
Dallas Mavericks,82,39,43,0.48,48.1,114.2,42,87.7,47.9,12.4,34.2,36.4,17.8,23.1,77,10.1,33,43,25.2,14,7.8,5.4,4.6,17.8,18.7,-1.2,2025,0
Detroit Pistons,82,39,43,0.48,48.3,103.8,39.1,86.9,45,10.8,28.9,37.3,14.7,19.8,74.5,10.1,33.6,43.7,22.8,13.4,7.7,3.9,4.9,18.4,18.4,-0.1,2018,0
Golden State Warriors,72,39,33,0.54,48.1,113.7,41.3,88.2,46.8,14.6,38.7,37.6,16.6,21.1,78.5,8,35.1,43,27.7,15,8.2,4.8,4.3,21.2,19.5,1.1,2021,0
Miami Heat,82,39,43,0.48,48.1,105.7,39.6,88,45,11.3,32.4,34.9,15.1,21.7,69.5,11.2,35.1,46.3,24.3,14.7,7.6,5.5,4.7,20.9,20.1,-0.2,2019,0
Sacramento Kings,82,39,43,0.48,48.1,114.2,43.2,93.1,46.4,11.3,29.9,37.8,16.5,22.7,72.6,11,34.4,45.4,25.4,13.4,8.3,4.4,5.1,21.4,21.4,-1.1,2019,0
Dallas Mavericks,82,38,44,0.46,48.6,114.2,40,84.3,47.5,15.2,41,37.1,19,25.1,75.5,7.6,31.2,38.8,22.9,12.2,6.3,3.7,3.8,20.7,21.8,0.1,2023,0
Memphis Grizzlies,72,38,34,0.53,48.3,113.3,42.8,91.8,46.7,11.2,31.4,35.6,16.4,21.3,77.1,11.2,35.3,46.5,26.9,13.3,9.1,5.1,5.2,18.7,18.3,1,2021,0
Detroit Pistons,82,37,45,0.45,48.3,101.3,39.9,88.8,44.9,7.7,23.4,33,13.9,19.3,71.9,11.1,34.6,45.7,21.1,11.9,7,3.8,4.1,17.9,17.5,-1.1,2017,0
Los Angeles Lakers,82,37,45,0.45,48.2,111.8,42.6,90.5,47,10.3,31,33.3,16.3,23.3,69.9,10.2,36.4,46.6,25.6,15.7,7.5,5.4,5.1,20.7,20.8,-1.7,2019,0
Miami Heat,82,37,45,0.45,48.6,110.6,40.5,87,46.5,13.7,37.3,36.7,16,20.2,79.1,9.7,33.7,43.4,26.4,13.6,8.1,3.8,4.7,15.5,17,0.6,2025,0
New York Knicks,82,37,45,0.45,48.2,106.5,37.7,86.2,43.7,13.2,36.9,35.7,18,24.1,74.4,11.5,34.6,46.1,21.9,13.3,7,4.9,4.6,20.4,20.4,-0.1,2022,0
Utah Jazz,82,37,45,0.45,48.3,117.1,42.5,89.8,47.3,13.3,37.8,35.3,18.7,23.8,78.6,11.8,34.1,45.9,26,15.4,6.1,5.2,4.9,20.5,20.5,-0.9,2023,0
Atlanta Hawks,82,36,46,0.44,48.4,118.3,43,92.5,46.5,13.7,37.7,36.4,18.5,23.2,79.7,12.5,32.2,44.7,26.6,13.5,7.5,4.5,5.6,18.6,19.4,-2.2,2024,0
Boston Celtics,72,36,36,0.5,48.3,112.6,41.5,88.9,46.6,13.6,36.4,37.4,16.1,20.8,77.5,10.6,33.6,44.3,23.5,14.1,7.7,5.3,4.6,20.4,19.3,1.5,2021,0
Charlotte Hornets,82,36,46,0.44,48.2,108.2,39,86.7,45,10,27.2,36.9,20.2,27,74.7,10.1,35.4,45.5,21.6,12.7,6.8,4.5,4.9,17.2,22.4,0.3,2018,0
Charlotte Hornets,82,36,46,0.44,48.4,104.9,37.7,85.4,44.2,10,28.6,35.1,19.4,23.8,81.5,8.8,34.8,43.6,23.1,11.5,7,4.8,5.5,16.6,19.9,0.2,2017,0
Minnesota Timberwolves,82,36,46,0.44,48.4,112.5,41.6,91.3,45.6,10.1,28.7,35.1,19.1,24.3,78.7,11.3,33.5,44.8,24.6,13.1,8.3,5,5.5,20.3,21.9,-1.5,2019,0
New Orleans Pelicans,82,36,46,0.44,48.2,109.3,40.2,88,45.7,10.6,32.1,33.2,18.3,23.2,78.9,12,33.2,45.2,25,14.1,8.3,4,4.8,19.7,20.5,-1,2022,0
Phoenix Suns,82,36,46,0.44,48.4,113.6,41.2,86.3,47.8,14.3,38,37.8,16.8,20.8,81,9.5,32.9,42.5,27.8,14.1,7.2,4.8,4,17.9,18.4,-3,2025,0
Portland Trail Blazers,82,36,46,0.44,48.2,110.9,40.5,90.2,45,12.9,37.7,34.2,16.9,22.2,76.2,13.4,31.4,44.8,23.8,16,8.3,5.3,5.5,19,19.3,-3,2025,0
Brooklyn Nets,72,35,37,0.49,48.6,111.8,40.4,90.3,44.8,13.1,38.1,34.3,17.9,24.1,74.5,10.6,37.3,47.9,24.5,15.3,6.4,4.5,5.3,21,21.1,-0.6,2020,0
Indiana Pacers,82,35,47,0.43,48.2,116.3,42,89.6,46.9,13.6,37,36.7,18.7,23.7,79,10.1,31.4,41.5,27,14.9,7.7,5.8,5.3,21.2,20.2,-3.2,2023,0
Los Angeles Lakers,82,35,47,0.43,48.5,108.1,40.7,88.4,46.1,10,29.1,34.5,16.6,23.3,71.4,10.7,35.7,46.4,23.8,15.8,7.7,4.7,5.5,21.2,20.5,-1.5,2018,0
Orlando Magic,82,35,47,0.43,48.5,102.1,39.5,86.8,45.5,7.8,22.2,35,15.2,20.1,75.7,10.3,33,43.3,23.6,14.1,8.2,5.1,5.5,20.7,18.3,-1.6,2016,0
Portland Trail Blazers,74,35,39,0.47,48.2,115,42.2,91.2,46.3,12.9,34.1,37.7,17.7,22.1,80.4,10.2,35.1,45.3,20.6,12.8,6.3,6.1,4.9,21.7,20.1,-1.1,2020,0
Washington Wizards,82,35,47,0.43,48.2,113.2,42.1,86.9,48.5,11.3,31.7,35.6,17.6,22.4,78.5,9.4,34.2,43.6,25.4,14.1,6.8,5.2,5,18.8,19.4,-1.2,2023,0
Washington Wizards,82,35,47,0.43,48.4,108.6,40.6,86,47.2,10.5,30.6,34.2,17,21.7,78.3,9,34.1,43.1,25,13.1,6.4,5,4.2,18.8,19.9,-3.4,2022,0
Indiana Pacers,72,34,38,0.47,48.5,115.3,43.3,91.2,47.4,12.3,34,36.4,16.4,20.7,79.2,9,33.7,42.7,27.4,13.5,8.5,6.4,5.3,20.2,18.1,0,2021,0
Memphis Grizzlies,73,34,39,0.47,48.1,112.6,42.5,90.9,46.8,10.9,31.5,34.7,16.6,21.8,76.3,10.3,36.2,46.5,26.9,15.2,7.9,5.5,5.3,21.2,20.2,-1.1,2020,0
New Orleans Pelicans,82,34,48,0.41,48.5,104.3,39.1,87,45,9.4,26.8,35,16.7,22.3,75,8.6,35.1,43.7,22.8,12.9,7.8,5.5,4.2,18.2,19.3,-2.1,2017,0
Orlando Magic,82,34,48,0.41,48.2,111.4,40.5,86.3,47,10.8,31.1,34.6,19.6,25,78.4,10.2,33.1,43.2,23.2,15.1,7.4,4.7,5.1,20.1,20.5,-2.6,2023,0
Phoenix Suns,73,34,39,0.47,48.2,113.6,41.2,88.1,46.8,11.4,31.8,35.8,19.9,23.8,83.4,9.8,33.8,43.5,27.2,14.8,7.7,4,5.5,22,22.6,0.2,2020,0
San Antonio Spurs,82,34,48,0.41,48.1,113.9,41.8,89.8,46.5,14.1,39.6,35.7,16.2,21,77.4,10.9,32.7,43.7,28.6,13.9,8.2,5.5,4.3,16.6,17.4,-2.8,2025,0
San Antonio Spurs,82,34,48,0.41,48.3,113.2,43.2,92.7,46.7,11.3,32,35.2,15.4,20.4,75.4,11,34.3,45.3,27.9,12.7,7.6,4.9,4.9,18.1,18.9,0.1,2022,0
Washington Wizards,72,34,38,0.47,48.3,116.6,43.2,90.9,47.5,10.2,29,35.1,20.1,26.2,76.9,9.7,35.5,45.2,25.5,14.4,7.3,4.1,4.8,21.6,22,-1.8,2021,0
Charlotte Hornets,72,33,39,0.46,48.2,109.5,39.9,87.8,45.5,13.7,37,36.9,15.9,20.9,76.1,10.6,33.2,43.8,26.8,14.8,7.8,4.8,4.8,18,18.6,-1.9,2021,0
Dallas Mavericks,82,33,49,0.4,48.2,97.9,36.2,82.3,44,10.7,30.2,35.5,14.8,18.5,80.1,7.9,30.7,38.6,20.8,11.9,7.5,3.7,3.4,19.1,19.4,-2.9,2017,0
Dallas Mavericks,82,33,49,0.4,48.2,108.9,38.8,86.9,44.7,12.5,36.6,34,18.8,25.3,74.2,10.1,35.2,45.3,23.4,14.2,6.5,4.3,4.5,20.1,23.2,-1.3,2019,0
Denver Nuggets,82,33,49,0.4,48.4,101.9,37.7,85.4,44.2,8,23.7,33.8,18.5,24.1,76.6,11.5,33.1,44.6,22.7,14.7,7.4,4.8,6.3,21,20.9,-3.1,2016,0
Los Angeles Lakers,82,33,49,0.4,48.7,112.1,41.6,88.8,46.9,12,34.5,34.7,16.8,23,73.2,9.5,34.5,44,24,14.5,7.6,5.2,4.1,20.2,20.1,-3,2022,0
Memphis Grizzlies,82,33,49,0.4,48.5,103.5,38,84.4,45,9.9,28.9,34.2,17.7,23,77.2,8.8,33,41.8,23.9,14,8.3,5.5,4.9,22,21.4,-2.6,2019,0
Milwaukee Bucks,82,33,49,0.4,48.4,99,38.4,82.2,46.7,5.4,15.6,34.5,17,22.7,74.7,10.5,31.2,41.7,23.1,15.2,8.2,5.8,5.6,20.7,19.5,-4.2,2016,0
New Orleans Pelicans,82,33,49,0.4,48.2,115.4,43.7,92.2,47.3,10.3,29.9,34.4,17.8,23.4,76.1,11.1,36.2,47.3,27,14.8,7.4,5.4,5.4,21.1,21,-1.3,2019,0
Orlando Magic,73,33,40,0.45,48.1,107.3,39.3,88.6,44.4,11.1,32.2,34.3,17.6,22.7,77.4,10.3,34.2,44.5,23.9,12.8,8.2,5.4,4.6,18.3,19.5,-1,2020,0
Portland Trail Blazers,82,33,49,0.4,48.1,113.4,40.5,85.4,47.4,12.9,35.3,36.5,19.6,24.6,79.6,9.4,31.1,40.5,24.2,14.5,6.7,4.6,4.3,20,20.5,-4,2023,0
Sacramento Kings,82,33,49,0.4,48.3,106.6,40,86.4,46.4,8,22.4,35.9,18.5,25.5,72.5,10.6,33.7,44.2,24.5,16.2,8.9,4.5,5.3,20.4,22,-2.5,2016,0
San Antonio Spurs,72,33,39,0.46,48.6,111.1,41.9,90.5,46.2,9.9,28.4,35,17.4,22,79.2,9.3,34.6,43.9,24.4,11.4,7,5.1,5.1,18,18.6,-1.7,2021,0
Brooklyn Nets,82,32,50,0.39,48.3,110.4,40.7,89.1,45.6,13.3,36.7,36.2,15.8,20.9,75.6,11.4,32.6,44.1,25.6,13.1,6.8,5.2,5,18.5,18.2,-2.9,2024,0
New York Knicks,82,32,50,0.39,48.3,98.4,36.9,84,43.9,7.4,21.5,34.6,17.2,21.4,80.5,10.4,34,44.4,20.5,13.4,5.7,5.7,4.2,19.7,18.5,-2.7,2016,0
Sacramento Kings,82,32,50,0.39,48.5,102.8,37.9,82.1,46.1,9,23.9,37.6,18.1,23.3,77.5,8.7,32.3,41.1,22.5,14.6,7.6,4,5.1,20.3,20.1,-3.9,2017,0
San Antonio Spurs,71,32,39,0.45,48.5,114.1,42.2,89.4,47.2,10.7,28.5,37.6,19,23.4,81,9,35.6,44.6,24.7,12.6,7.3,5.5,4.3,19.4,20.1,-1.1,2020,0
Washington Wizards,82,32,50,0.39,48.6,114,42.1,90.1,46.8,11.3,33.3,34.1,18.4,23.9,76.8,9.7,32.7,42.4,26.3,14.1,8.3,4.6,4.6,20.7,21.2,-2.9,2019,0
Chicago Bulls,72,31,41,0.43,48.3,110.7,42.2,88.6,47.6,12.6,34,37,13.8,17.5,79.1,9.6,35.3,45,26.8,15.1,6.7,4.2,5.1,18.9,17.7,-0.9,2021,0
Minnesota Timberwolves,82,31,51,0.38,48.3,105.6,39.5,84.4,46.7,7.3,21,34.9,19.3,24.2,79.9,11.4,31,42.4,23.7,14,8,4.5,5,20.1,20.5,-1.1,2017,0
New Orleans Pelicans,72,31,41,0.43,48.4,114.6,42.5,89.1,47.7,10.6,30.4,34.8,19,26.1,72.9,11.7,35.7,47.4,26,14.6,7.6,4.4,5.9,18,21.3,-0.3,2021,0
New York Knicks,82,31,51,0.38,48.4,104.3,39.6,88.5,44.7,8.6,24.7,34.8,16.6,21.1,78.8,12,33.2,45.2,21.8,13.9,7.1,5.5,4.6,20.3,18.5,-3.7,2017,0
Sacramento Kings,72,31,41,0.43,48.1,113.7,42.6,88.6,48.1,12.1,33.3,36.4,16.4,22,74.5,9.4,32,41.4,25.5,13.4,7.5,5,4.7,19.4,18.7,-3.7,2021,0
Sacramento Kings,72,31,41,0.43,48.5,110.1,40.9,88.4,46.2,12.7,34.9,36.4,15.7,20.3,77,9.7,32.9,42.6,23.8,14.5,7.7,4.1,4.2,22.2,19.5,-2,2020,0
Utah Jazz,82,31,51,0.38,48.3,115.7,42,89.9,46.7,12.9,36.5,35.4,18.8,22.6,83,12.2,33.2,45.5,27.2,15.7,6.5,5.6,6.4,18.6,19.2,-4.9,2024,0
New Orleans Pelicans,72,30,42,0.42,48.4,115.8,42.6,91.6,46.5,13.6,36.9,37,17.1,23.4,72.9,11.1,35.4,46.5,26.8,16.4,7.5,5,4.8,21.2,21.1,-1.3,2020,0
New Orleans Pelicans,82,30,52,0.37,48.2,102.7,38.5,85.9,44.8,8.6,23.8,36,17.3,22.2,77.6,9.5,33.1,42.6,22.2,13.4,7.7,4.2,5.2,20.9,19.9,-3.8,2016,0
Sacramento Kings,82,30,52,0.37,48.3,110.3,40.5,88.1,46,11.4,33.2,34.4,17.9,23.3,76.8,9.6,33.4,42.9,23.7,14.1,7.2,4.5,4.8,18.9,20.3,-5.5,2022,0
Toronto Raptors,82,30,52,0.37,48.3,110.9,41.6,91,45.8,11.8,34,34.8,15.8,21.1,74.8,12.6,32.5,45.1,28.5,15.3,8.1,4.2,5.9,21.2,18.1,-4.3,2025,0
Atlanta Hawks,82,29,53,0.35,48.4,113.3,41.4,91.8,45.1,13,37,35.2,17.6,23.4,75.2,11.6,34.5,46.1,25.8,17,8.2,5.1,5.5,23.6,22.2,-6,2019,0
Minnesota Timberwolves,82,29,53,0.35,48.5,102.4,37.7,81.3,46.4,5.5,16.4,33.8,21.4,27,79.2,10,31.5,41.6,23.4,15,8,4.6,5.2,20.7,21.6,-3.5,2016,0
New York Knicks,82,29,53,0.35,48.4,104.5,40.7,87.7,46.4,8.2,23.3,35.2,14.9,19,78.7,10.5,33.6,44,23.3,14.7,6.7,5.1,4.7,20.5,18.4,-3.6,2018,0
Orlando Magic,82,29,53,0.35,48.3,101.1,38.3,87,44,8.5,26.1,32.8,16,21.4,74.7,9.8,33.3,43.2,22.2,13.3,7.1,4.8,5.1,19.3,18.7,-6.6,2017,0
Brooklyn Nets,82,28,54,0.34,48.4,106.6,38.2,86.8,44.1,12.7,35.7,35.6,17.4,22.6,77.2,9.7,34.8,44.4,23.7,15.2,6.2,4.8,5.5,20.6,19.7,-3.7,2018,0
Philadelphia 76ers,82,28,54,0.34,48.4,102.4,37.7,85.3,44.2,10.1,29.8,34,17,22,77.1,9.8,33,42.8,23.8,16.7,8.4,5.1,5.4,21.9,19.6,-5.7,2017,0
Charlotte Hornets,82,27,55,0.33,48.4,111,41.3,90.4,45.7,10.7,32.5,33,17.6,23.6,74.9,11,33.5,44.5,25.1,14.2,7.7,5.2,5.7,20.3,20.3,-6.2,2023,0
Chicago Bulls,82,27,55,0.33,48.4,102.9,38.7,88.8,43.5,11,31.1,35.5,14.6,19.2,75.9,9.6,35,44.7,23.5,14,7.6,3.5,5.2,19.2,17.4,-7,2018,0
Memphis Grizzlies,82,27,55,0.33,48.2,105.8,38.4,88.2,43.5,13.1,37.8,34.6,16,21,76.4,10.9,31.7,42.6,24.7,15.1,8.2,6.1,6.5,19.1,18.8,-7,2024,0
Portland Trail Blazers,82,27,55,0.33,48.1,106.2,38.5,87.1,44.2,12.7,36.8,34.6,16.4,21.6,76,10.4,32.5,42.9,22.9,14.5,8,4.5,5,21.1,19.4,-8.9,2022,0
Sacramento Kings,82,27,55,0.33,48.2,98.8,38.8,86.1,45,9,24,37.5,12.3,16.7,73.5,9.5,31.4,40.9,21.6,13.7,7.8,4.1,4.7,20,17.3,-7,2018,0
Toronto Raptors,72,27,45,0.38,48.1,111.3,39.7,88.7,44.8,14.5,39.3,36.8,17.4,21.3,81.5,9.4,32.1,41.6,24.1,13.2,8.6,5.4,5.6,21.2,19.5,-0.5,2021,0
Brooklyn Nets,82,26,56,0.32,48.2,105.1,37.6,86.1,43.7,13.6,39.4,34.4,16.3,20.7,78.7,10.9,30.4,41.3,25.2,15.2,7.8,4.3,5.6,20.7,18.9,-7.1,2025,0
Los Angeles Lakers,82,26,56,0.32,48.1,104.6,39.3,87.4,45,8.9,25.7,34.6,17,22.6,75.4,11.4,32.1,43.5,20.9,15.2,8.2,3.9,5.4,20.7,18.5,-6.9,2017,0
Indiana Pacers,82,25,57,0.31,48.5,111.5,41.4,89.5,46.3,12.2,35.4,34.4,16.4,21.4,76.8,11.3,32.6,43.9,25.4,14.4,7.1,5.6,4.9,20.4,19.2,-3.5,2022,0
Orlando Magic,82,25,57,0.31,48.1,103.4,38.8,85.9,45.2,10.3,29.3,35.1,15.5,20.5,75.7,8.8,32.8,41.6,23.4,14.5,7.6,4.9,4.9,19.3,19,-4.8,2018,0
Toronto Raptors,82,25,57,0.31,48.3,112.4,42.3,89.7,47.1,11.5,33.1,34.7,16.3,21.6,75.6,10.9,31.8,42.7,28.5,14,7.7,4.7,5.8,18.4,18.1,-6.4,2024,0
Washington Wizards,72,25,47,0.35,48.2,114.4,41.5,90.9,45.7,12,32.6,36.8,19.4,24.6,78.8,10.2,31.9,42,25,14.2,8,4.3,5,22.7,22.2,-4.7,2020,0
Atlanta Hawks,82,24,58,0.29,48.1,103.4,38.2,85.5,44.6,11.2,31,36,15.8,20.2,78.5,9.1,32.8,41.9,23.7,15.5,7.8,4.2,5.5,19.6,20.3,-5.5,2018,0
Dallas Mavericks,82,24,58,0.29,48.3,102.3,38.1,85.9,44.4,11.8,32.8,36,14.2,18.7,76.3,8.1,33.1,41.3,22.7,12.3,7,3.8,4.5,19.2,19.6,-3,2018,0
Oklahoma City Thunder,82,24,58,0.29,48.3,103.7,38.3,89.1,43,12.1,37.4,32.3,15,19.9,75.6,10.4,35.2,45.6,22.2,14,7.6,4.6,6,18.3,17.8,-8.1,2022,0
Philadelphia 76ers,82,24,58,0.29,48.3,109.6,39.7,87.4,45.4,12.7,37.2,34.1,17.5,22.5,78,10.4,29.4,39.8,23.2,13.6,9.2,4.5,5.1,19,18.7,-6.2,2025,0
Phoenix Suns,82,24,58,0.29,48.4,107.7,39.9,88.5,45,7.5,22.6,33.2,20.4,26.3,77.6,11.9,33.1,45,19.6,15.4,8.2,4.9,5.3,24.8,22.2,-5.6,2017,0
Charlotte Hornets,65,23,42,0.35,48.5,102.9,37.3,85.9,43.4,12.1,34.3,35.2,16.2,21.6,74.8,11,31.8,42.8,23.8,14.6,6.6,4.1,5,18.8,20.6,-6.8,2020,0
Detroit Pistons,82,23,59,0.28,48.2,104.8,38.2,88.6,43.1,11.3,34.6,32.6,17.2,22,78.2,11,32,43,23.5,14.2,7.7,4.8,5.2,21.9,19.8,-7.7,2022,0
Minnesota Timberwolves,72,23,49,0.32,48.3,112.1,40.7,90.9,44.8,13.1,37.6,34.9,17.6,23.1,76.1,10.5,33,43.5,25.6,14.3,8.8,5.5,5.5,20.9,19.9,-5.6,2021,0
Phoenix Suns,82,23,59,0.28,48.1,100.9,37.2,85.6,43.5,9,25.8,34.8,17.5,23.2,75.1,11.5,33.3,44.8,20.7,17.2,7.7,3.8,5.5,22.7,21.6,-6.7,2016,0
Chicago Bulls,65,22,43,0.34,48.2,106.8,39.6,88.6,44.7,12.2,35.1,34.8,15.5,20.5,75.5,10.5,31.4,41.9,23.2,15.5,10,4.1,5.9,21.8,19.2,-3.1,2020,0
Chicago Bulls,82,22,60,0.27,48.5,104.9,39.8,87.9,45.3,9.1,25.9,35.1,16.2,20.7,78.3,8.8,34.1,42.9,21.9,14.1,7.4,4.3,5.8,20.3,18.7,-8.4,2019,0
Cleveland Cavaliers,72,22,50,0.31,48.4,103.8,38.6,85.8,45,10,29.7,33.6,16.7,22.4,74.3,10.4,32.3,42.8,23.8,15.5,7.8,4.5,5.9,18.2,20.2,-8.4,2021,0
Houston Rockets,82,22,60,0.27,48.2,110.7,40.6,88.9,45.7,10.4,31.9,32.7,19.1,25.3,75.4,13.4,32.9,46.3,22.4,16.2,7.3,4.6,6.2,20.5,20.6,-7.9,2023,0
Memphis Grizzlies,82,22,60,0.27,48.1,99.3,36.7,82.8,44.4,9.2,26.2,35.2,16.6,21.1,78.6,9.5,31,40.5,21.5,15,7.5,4.8,5.1,23.2,20.4,-6.2,2018,0
Oklahoma City Thunder,72,22,50,0.31,48.2,105,38.8,88,44.1,11.9,35.1,33.9,15.5,21.3,72.5,9.9,35.7,45.6,22.1,16.1,7,4.4,5.3,18.1,18.6,-10.6,2021,0
Orlando Magic,82,22,60,0.27,48.2,104.2,38.3,88.3,43.4,12.2,36.9,33.1,15.5,19.7,78.7,9.1,35.2,44.3,23.7,14.5,6.8,4.5,5.2,19.7,18.3,-8,2022,0
San Antonio Spurs,82,22,60,0.27,48.4,112.1,41.9,90.7,46.2,12.6,36.4,34.7,15.6,20,78.2,10.4,33.9,44.2,29.9,15.1,7.1,6.3,4.6,17.2,17.9,-6.5,2024,0
San Antonio Spurs,82,22,60,0.27,48.4,113,43.1,92.6,46.5,11.1,32.2,34.5,15.8,21.2,74.3,11.8,31.9,43.7,27.2,15.3,7,3.9,5.3,19.9,18.5,-10,2023,0
Brooklyn Nets,82,21,61,0.26,48.2,98.6,38.2,84.4,45.3,6.5,18.4,35.2,15.7,20.7,75.7,10.5,31.9,42.4,22.3,14.8,7.6,4,5.2,18,18.4,-7.4,2016,0
Charlotte Hornets,82,21,61,0.26,48.1,106.6,40,87,46,12.1,34,35.5,14.5,18.4,78.6,9.3,31,40.3,24.8,13.8,6.9,4.5,4.8,18,17.5,-10.2,2024,0
New Orleans Pelicans,82,21,61,0.26,48.2,109.8,40.6,89.9,45.2,12,34.6,34.7,16.5,21.9,75.4,12.1,31.5,43.6,25.8,14.6,8.5,5.2,5.2,18.3,17.9,-9.4,2025,0
New York Knicks,66,21,45,0.32,48.4,105.8,40,89.3,44.7,9.6,28.4,33.7,16.3,23.5,69.4,12,34.5,46.5,22.1,14.3,7.6,4.7,5,22.2,19.8,-6.5,2020,0
Orlando Magic,72,21,51,0.29,48.1,104,38.3,89.2,42.9,10.9,31.8,34.3,16.6,21.4,77.5,10.4,35.1,45.4,21.8,12.8,6.9,4.4,5.3,17.2,18.6,-9.3,2021,0
Phoenix Suns,82,21,61,0.26,48.1,103.9,38.5,87.1,44.2,9.3,27.9,33.4,17.7,23.9,74.1,10.3,33.9,44.1,21.3,15.7,6.9,4.5,6,22,20.9,-9.4,2018,0
Portland Trail Blazers,82,21,61,0.26,48.5,106.4,39.4,89.7,43.9,11.5,33.2,34.5,16.2,20.5,79.1,12.6,30.1,42.7,23.1,15.2,7.6,4.3,6.4,20.2,17.9,-9,2024,0
Atlanta Hawks,67,20,47,0.3,48.6,111.8,40.6,90.6,44.9,12,36.1,33.3,18.5,23.4,79,9.9,33.4,43.3,24,16.2,7.8,5.1,6.4,23.1,21,-8,2020,0
Brooklyn Nets,82,20,62,0.24,48.2,105.8,37.8,85.2,44.4,10.7,31.6,33.8,19.4,24.6,78.8,8.8,35.1,43.9,21.4,16.5,7.2,4.7,5.6,21,20.4,-6.7,2017,0
Detroit Pistons,66,20,46,0.3,48.4,107.2,39.3,85.7,45.9,12,32.7,36.7,16.6,22.4,74.3,9.8,32,41.7,24.1,15.3,7.4,4.5,5.6,19.7,19.8,-3.6,2020,0
Detroit Pistons,72,20,52,0.28,48.4,106.6,38.7,85.6,45.2,11.6,32.9,35.1,17.8,23.4,75.9,9.6,33.1,42.7,24.2,14.9,7.4,5.2,5.8,20.5,20.4,-4.5,2021,0
Houston Rockets,82,20,62,0.24,48.2,109.7,39.4,86.4,45.6,13.5,38.7,34.9,17.5,24.5,71.3,9.6,32.4,42,23.6,16.5,7.3,4.7,5.8,20.6,22.1,-8.5,2022,0
Charlotte Hornets,82,19,63,0.23,48.2,105.1,38.3,89.1,43,13,38.3,33.9,15.5,19.8,78.3,12.2,33,45.2,24.3,15.5,7.4,4.5,5.3,18.7,18.1,-9.1,2025,0
Cleveland Cavaliers,65,19,46,0.29,48.4,106.9,40.3,87.9,45.8,11.2,31.8,35.1,15.1,19.9,75.8,10.8,33.4,44.2,23.1,16.5,6.9,3.2,6.3,18.3,19.6,-7.9,2020,0
Cleveland Cavaliers,82,19,63,0.23,48.2,104.5,38.9,87.6,44.4,10.3,29.1,35.5,16.4,20.7,79.2,10.7,31.9,42.7,20.7,13.5,6.5,2.4,5.6,20,19.4,-9.6,2019,0
Minnesota Timberwolves,64,19,45,0.3,48.6,113.3,40.4,91.6,44.1,13.3,39.7,33.6,19.1,25.4,75.3,10.5,34.3,44.8,23.8,15.3,8.7,5.7,5.5,21.4,21.6,-4.3,2020,0
Phoenix Suns,82,19,63,0.23,48.5,107.5,40.1,87.4,45.9,9.6,29.3,32.9,17.6,22.7,77.9,9.1,31.3,40.4,23.9,15.6,9,5.1,5,23.6,20.7,-9.3,2019,0
Washington Wizards,82,18,64,0.22,48.1,108,39.4,89.9,43.9,13.1,39.1,33.5,16,20.6,77.8,10.6,33.1,43.7,25.1,15.6,7.6,5.1,5.2,19.7,18.2,-12.4,2025,0
Detroit Pistons,82,17,65,0.21,48.3,110.3,39.6,87.1,45.4,11.4,32.4,35.1,19.8,25.7,77.1,11.2,31.3,42.4,23,15.1,7,3.8,5.5,22.1,21,-8.2,2023,0
Houston Rockets,72,17,55,0.24,48.1,108.8,39.3,88.5,44.4,13.8,40.6,33.9,16.5,22.3,74,9.3,33.3,42.6,23.6,14.7,7.6,5,5.3,19.5,19.3,-7.9,2021,0
Los Angeles Lakers,82,17,65,0.21,48.1,97.3,35.1,84.8,41.4,7.8,24.6,31.7,19.3,24.7,78.1,10.7,32.3,43,18,13.7,7.2,4.1,5.6,20.3,19.2,-9.6,2016,0
New York Knicks,82,17,65,0.21,48.2,104.6,38.2,88.3,43.3,10,29.5,34,18.1,23.9,75.9,10.5,34.3,44.7,20.1,14,6.8,5.1,5.6,20.9,20.8,-9.2,2019,0
Utah Jazz,82,17,65,0.21,48.3,111.9,40.3,88.7,45.4,14,39.8,35,17.3,22.4,77.4,12,33.4,45.4,25.5,17.2,6.8,4.4,6.4,18.9,19.3,-9.3,2025,0
Golden State Warriors,65,15,50,0.23,48.4,106.3,38.6,88.2,43.8,10.4,31.3,33.4,18.7,23.2,80.3,10,32.9,42.8,25.6,14.9,8.2,4.6,4.9,20.1,20.1,-8.7,2020,0
Washington Wizards,82,15,67,0.18,48.1,113.7,43,91.4,47,12.4,35.5,34.8,15.4,20.2,76.4,9.2,31.9,41.1,27.9,14,7.6,5.1,6,20,18,-9.3,2024,0
Detroit Pistons,82,14,68,0.17,48.2,109.9,40.9,88.2,46.3,11,31.7,34.8,17,21.7,78.5,10.5,32.8,43.3,25.5,15.2,6.5,4.7,6,20.6,17.8,-9.1,2024,0
Philadelphia 76ers,82,10,72,0.12,48.3,97.4,36.2,84,43.1,9.3,27.5,33.9,15.7,22.6,69.4,9.5,31.8,41.2,21.5,16.4,8.3,6,5.7,21.7,19.2,-10.2,2016,0
Oklahoma City Thunder,21,20,1,0.95,49,122.2,43.6,89.5,48.7,13.6,37.5,36.2,21.5,25.5,84.1,9.3,35.6,45.0,26.2,12.7,10.4,5.5,3.9,21.5,22.6,15.5,2026,0
Detroit Pistons,20,16,4,0.80,48.3,119.8,43.7,89.6,48.8,11.3,31.4,35.9,21.1,28.3,74.6,13.4,33.0,46.4,26.5,15.9,9.8,6.0,4.9,23.4,23.5,5.8,2026,0
Los Angeles Lakers,19,15,4,0.79,48,119.6,42.4,82.6,51.3,11.6,33.1,35,23.3,29.2,79.8,9.5,31.6,41.1,26.1,15.9,8.8,3.8,3.5,19.8,23.5,4.3,2026,0
Houston Rockets,17,13,4,0.77,48.9,121.6,44.0,91.4,48.2,12.5,30.9,40.6,21.1,26.9,78.3,16.6,32.7,49.4,25.5,15.4,9.6,4.9,5.0,20.5,22.6,11.7,2026,0
Denver Nuggets,19,14,5,0.74,48.3,124.8,44.8,87.8,51.1,13.4,34.3,39.2,21.7,25.9,83.6,11.6,34.1,45.7,29.5,14.2,7.0,3.9,4.3,19.8,22.2,9.7,2026,0
New York Knicks,19,13,6,0.68,48,120.4,43.2,91.8,47,15.3,41.3,37.1,18.8,23.4,80.2,14.2,32.3,46.5,27.2,13.7,8.4,4.3,4.3,21.1,21,7.5,2026,0
San Antonio Spurs,19,13,6,0.68,48.3,118.8,42.6,86.9,49,12.9,36.3,35.7,20.7,25.7,80.7,11.4,33.5,44.8,25.9,15.0,8.9,4.9,3.9,20.7,21.8,5.3,2026,0
Toronto Raptors,21,14,7,0.67,48.2,117.6,43.3,88.5,49,11.7,32.1,36.4,19.2,25,77.1,10.4,32.3,42.7,29.7,14.3,8.9,4.2,5.6,21.8,19.9,4.7,2026,0
Miami Heat,20,13,7,0.65,48.3,123.6,44.7,93.0,48,13.2,35.3,37.3,21.1,26.6,79.3,10.6,35.5,46.0,30.1,14.6,9.2,4.3,5.4,20.3,21.6,5.4,2026,0
Atlanta Hawks,21,13,8,0.62,48.5,118.9,43.5,89.1,48.8,13.8,37.2,37,18.2,23.5,77.5,9.9,32.1,42.0,31.0,15.3,9.3,5.5,4.2,21.0,20.1,2.3,2026,0
Minnesota Timberwolves,20,12,8,0.60,48.3,119.2,42.5,87.3,48.7,14.4,37.2,38.6,19.9,26.2,76.1,11.0,32.5,43.5,26.4,15.3,8.6,5.0,4.2,22.4,22.1,5.1,2026,0
Orlando Magic,20,12,8,0.60,48.3,119.3,41.6,87.3,47.6,11.4,32.7,34.7,24.8,30.7,80.9,12.1,32.7,44.8,25.6,14.8,8.5,5.3,5.3,21.8,23.9,5.2,2026,0
Cleveland Cavaliers,21,12,9,0.57,48.2,118.8,42.1,91.4,46,15.8,44.7,35.4,18.8,24.8,75.8,12.1,31.6,43.7,27.2,14.6,9.0,5.4,4.0,21.4,21.9,3.2,2026,0
Phoenix Suns,21,12,9,0.57,48.2,116.7,41.9,89.7,46.7,15.0,40.2,37.4,17.8,22.3,79.9,13.1,30.3,43.4,25.5,16.3,10.6,4.4,4.5,23.0,20,2.7,2026,0
Boston Celtics,20,11,9,0.55,48,114.9,42.4,91.8,46.1,15.3,43.0,35.6,14.9,19.3,77.4,13.2,31.3,44.5,24.2,11.8,8.3,5.4,4.8,23.2,19.3,4,2026,0
Philadelphia 76ers,19,10,9,0.53,49.1,118.2,41.9,90.6,46.2,13.3,36.9,36.1,21.1,26,81,12.0,32.2,44.2,25.9,15.1,8.0,6.4,4.9,21.5,21.6,-0.7,2026,0
Golden State Warriors,21,11,10,0.52,48.2,114.5,39.4,87.3,45.1,15.9,44.2,35.9,19.9,24.1,82.4,11.2,31.8,43.0,27.4,16.2,9.9,4.4,3.8,21.0,19.5,1,2026,0
Chicago Bulls,19,9,10,0.47,48.5,119.9,43.2,91.3,47.3,14.4,38.7,37.3,19.1,24.2,78.9,10.3,35.9,46.2,29.4,15.1,7.5,5.2,6.1,21.1,20.5,-3.1,2026,0
Memphis Grizzlies,21,9,12,0.43,48.2,113.4,40.2,90.9,44.3,13.2,39.1,33.7,19.7,24.3,81,12.0,34.3,46.4,28.8,14.7,7.3,4.6,5.4,19.9,21,-3.1,2026,0
Milwaukee Bucks,21,9,12,0.43,48.5,115.5,42.9,87.1,49.2,15.5,37.9,41,14.2,20.1,70.7,8.3,31.6,39.9,27.0,14.5,8.3,4.3,4.3,22.1,18.9,-2.2,2026,0
Portland Trail Blazers,20,8,12,0.40,48.3,118.3,41.2,93.1,44.3,13.7,42.4,32.3,22.2,28,79.2,15.3,30.6,45.9,24.9,16.7,8.8,5.0,6.2,22.1,24,-2.9,2026,0
Utah Jazz,19,6,13,0.32,48.8,117.7,41.1,90.8,45.2,13.4,40.3,33.2,22.2,27.2,81.8,13.3,32.7,46.0,29.8,17.1,7.9,3.8,5.7,22.5,22.2,-7.7,2026,0
Charlotte Hornets,20,6,14,0.30,48.5,115.9,40.6,89.4,45.4,14.0,40.6,34.4,20.7,25,83,12.3,32.3,44.6,25.6,15.8,6.8,4.8,4.2,19.1,21.8,-4.3,2026,0
Dallas Mavericks,21,6,15,0.29,48.7,110.2,39.1,88.1,44.4,11.3,35.2,32.2,20.7,27.3,75.7,10.3,34.4,44.8,24.0,16.2,8.5,6.0,5.2,21.4,22.7,-5.7,2026,0
LA Clippers,20,5,15,0.25,48.5,111.8,39.4,83.9,47,12.9,36.0,35.9,20.1,23.8,84.6,9.6,31.3,40.9,23.8,16.0,8.4,4.9,4.1,20.6,20.1,-5.9,2026,0
Sacramento Kings,21,5,16,0.24,48.2,111.8,41.5,89.2,46.5,11.0,30.9,35.5,17.8,23.3,76.1,9.1,30.6,39.7,26.0,13.9,8.9,3.6,5.0,20.6,20,-11.1,2026,0
Indiana Pacers,20,4,16,0.20,48.5,109.8,38.7,91.4,42.4,11.8,37.1,31.7,20.6,26.8,77,12.4,32.9,45.3,23.6,14.6,7.0,5.4,4.6,23.4,22.7,-8.9,2026,0
Brooklyn Nets,19,3,16,0.16,48,108.4,37.2,84.7,43.9,13.8,41.1,33.6,20.2,25.9,77.8,11.1,27.9,39.0,24.3,15.4,6.7,3.7,4.4,20.7,22.3,-10.9,2026,0
New Orleans Pelicans,21,3,18,0.14,48.5,111.2,40.3,90.0,44.8,11.5,33.3,34.5,19,25,76.3,13.3,29.3,42.6,23.3,15.1,9.2,3.5,6.4,20.9,21.1,-10.9,2026,0
Washington Wizards,18,2,16,0.11,48.6,112.5,41.5,89.9,46.2,13.5,36.1,37.4,16,21.5,74.4,10.5,32.6,43.1,25.6,16.8,7.1,5.7,6.1,23.1,17.9,-15.2,2026,0
